Sensor_ID,Date,Soil_Moisture(%),Soil_pH,Temperature(C),Humidity(%),Crop_Type,Fertilizer_Recommended(kg/ha),Irrigation_Recommended(mm),Drone_Image_ID
SEN-1000,2025-01-01,36.22,6.98,21.30,50.40,Tomatoes,67.60,26.60,IMG-2000
SEN-1001,2025-01-02,76.55,5.03,23.50,34.30,Wheat,130.40,8.30,IMG-2001
SEN-1002,2025-01-03,61.24,6.52,21.90,54.60,Tomatoes,36.00,29.40,IMG-2002
SEN-1003,2025-01-04,51.91,6.62,24.00,48.70,Maize,85.80,19.60,IMG-2003
SEN-1004,2025-01-05,20.92,5.98,19.20,70.60,Wheat,75.60,29.90,IMG-2004
SEN-1005,2025-01-06,20.92,7.08,26.80,66.30,Beans,68.00,27.80,IMG-2005
SEN-1006,2025-01-07,14.07,7.77,19.10,51.90,Maize,64.30,10.50,IMG-2006
SEN-1007,2025-01-08,70.63,7.74,31.60,43.10,Lettuce,41.00,6.40,IMG-2007
SEN-1008,2025-01-09,52.08,6.08,22.00,89.30,Tomatoes,67.80,11.40,IMG-2008
SEN-1009,2025-01-10,59.57,4.90,27.20,57.20,Maize,35.20,18.20,IMG-2009
SEN-1010,2025-01-11,11.44,7.95,33.00,71.30,Maize,123.70,9.30,IMG-2010
SEN-1011,2025-01-12,77.89,7.44,29.10,38.40,Wheat,77.80,9.20,IMG-2011
SEN-1012,2025-01-13,68.27,4.94,27.10,59.10,Wheat,83.30,16.60,IMG-2012
SEN-1013,2025-01-14,24.86,7.72,23.50,31.70,Wheat,137.20,5.80,IMG-2013
SEN-1014,2025-01-15,22.73,7.54,23.70,60.30,Lettuce,109.00,8.00,IMG-2014
SEN-1015,2025-01-16,22.84,6.32,29.40,87.80,Wheat,31.00,15.40,IMG-2015
SEN-1016,2025-01-17,31.30,6.57,34.90,53.10,Maize,143.20,6.60,IMG-2016
SEN-1017,2025-01-18,46.73,5.90,29.30,32.30,Wheat,58.50,14.90,IMG-2017
SEN-1018,2025-01-19,40.24,4.69,27.50,31.90,Beans,42.90,16.90,IMG-2018
SEN-1019,2025-01-20,30.39,5.67,30.40,53.30,Wheat,122.20,16.30,IMG-2019
SEN-1020,2025-01-21,52.83,7.31,25.90,39.60,Lettuce,90.10,26.70,IMG-2020
SEN-1021,2025-01-22,19.76,4.52,19.00,31.40,Beans,82.10,18.30,IMG-2021
SEN-1022,2025-01-23,30.45,5.67,27.60,75.40,Maize,59.90,16.70,IMG-2022
SEN-1023,2025-01-24,35.65,5.89,34.30,57.50,Maize,95.70,15.30,IMG-2023
SEN-1024,2025-01-25,41.92,6.38,21.00,47.40,Tomatoes,62.90,25.40,IMG-2024
SEN-1025,2025-01-26,64.96,7.72,29.70,84.00,Beans,138.20,27.40,IMG-2025
SEN-1026,2025-01-27,23.98,5.71,21.40,37.00,Tomatoes,55.80,26.30,IMG-2026
SEN-1027,2025-01-28,46.00,5.71,27.10,87.40,Beans,136.10,21.80,IMG-2027
SEN-1028,2025-01-29,51.47,7.08,19.60,48.80,Beans,97.10,8.40,IMG-2028
SEN-1029,2025-01-30,13.25,6.08,25.70,83.30,Lettuce,129.40,11.90,IMG-2029
SEN-1030,2025-01-31,52.53,5.29,30.90,66.20,Tomatoes,115.50,6.20,IMG-2030
SEN-1031,2025-02-01,21.94,6.08,23.90,79.60,Lettuce,113.60,28.30,IMG-2031
SEN-1032,2025-02-02,14.55,4.99,29.30,89.00,Beans,68.90,21.50,IMG-2032
SEN-1033,2025-02-03,76.42,5.12,31.50,47.30,Maize,58.10,23.70,IMG-2033
SEN-1034,2025-02-04,77.59,6.24,33.80,87.70,Beans,55.30,12.80,IMG-2034
SEN-1035,2025-02-05,66.59,5.97,22.00,53.40,Lettuce,132.90,26.10,IMG-2035
SEN-1036,2025-02-06,31.32,7.70,24.80,53.10,Tomatoes,128.50,11.50,IMG-2036
SEN-1037,2025-02-07,16.84,5.77,20.60,50.40,Tomatoes,82.90,5.00,IMG-2037
SEN-1038,2025-02-08,57.90,6.53,34.90,62.50,Lettuce,45.90,14.40,IMG-2038
SEN-1039,2025-02-09,40.81,6.71,33.80,39.20,Tomatoes,75.90,19.30,IMG-2039
SEN-1040,2025-02-10,18.54,4.55,27.20,63.20,Wheat,104.30,17.00,IMG-2040
SEN-1041,2025-02-11,44.66,6.82,32.30,62.50,Maize,84.50,26.60,IMG-2041
SEN-1042,2025-02-12,12.41,5.12,26.90,75.70,Maize,123.60,7.60,IMG-2042
SEN-1043,2025-02-13,73.65,7.86,28.60,80.00,Maize,149.70,18.80,IMG-2043
SEN-1044,2025-02-14,28.11,5.02,19.50,56.40,Tomatoes,52.90,17.80,IMG-2044
SEN-1045,2025-02-15,56.38,5.95,30.80,48.10,Tomatoes,85.20,12.00,IMG-2045
SEN-1046,2025-02-16,31.82,4.80,20.20,45.60,Beans,81.70,25.60,IMG-2046
SEN-1047,2025-02-17,46.40,7.99,32.00,41.70,Beans,66.50,23.80,IMG-2047
SEN-1048,2025-02-18,48.27,6.26,31.30,33.50,Maize,53.80,23.30,IMG-2048
SEN-1049,2025-02-19,22.94,6.58,30.00,50.50,Wheat,37.90,26.90,IMG-2049
SEN-1050,2025-02-20,77.87,4.73,18.60,46.20,Beans,136.50,23.10,IMG-2050
SEN-1051,2025-02-21,64.26,7.12,23.20,88.00,Beans,80.40,10.80,IMG-2051
SEN-1052,2025-02-22,75.76,5.23,22.50,63.50,Tomatoes,89.60,22.60,IMG-2052
SEN-1053,2025-02-23,72.64,7.64,24.10,50.80,Wheat,140.00,12.70,IMG-2053
SEN-1054,2025-02-24,51.85,5.22,19.50,64.80,Maize,123.20,11.10,IMG-2054
SEN-1055,2025-02-25,74.53,5.17,33.90,38.40,Beans,45.70,6.80,IMG-2055
SEN-1056,2025-02-26,16.19,4.63,27.40,56.60,Wheat,97.90,23.60,IMG-2056
SEN-1057,2025-02-27,23.72,6.15,23.20,67.60,Wheat,83.10,22.80,IMG-2057
SEN-1058,2025-02-28,13.17,6.48,24.70,59.30,Maize,125.70,10.90,IMG-2058
SEN-1059,2025-03-01,32.77,4.73,25.60,54.10,Wheat,116.90,23.70,IMG-2059
SEN-1060,2025-03-02,37.21,7.21,28.20,89.60,Wheat,112.80,27.90,IMG-2060
SEN-1061,2025-03-03,28.99,6.09,26.80,82.80,Wheat,70.90,7.70,IMG-2061
SEN-1062,2025-03-04,68.01,6.34,33.60,67.40,Beans,126.60,10.80,IMG-2062
SEN-1063,2025-03-05,34.97,6.04,26.40,64.20,Maize,36.30,23.80,IMG-2063
SEN-1064,2025-03-06,29.67,5.90,34.90,67.20,Wheat,49.20,11.90,IMG-2064
SEN-1065,2025-03-07,47.99,6.46,32.50,42.10,Wheat,70.30,20.60,IMG-2065
SEN-1066,2025-03-08,19.86,5.04,21.50,53.70,Beans,39.20,7.00,IMG-2066
SEN-1067,2025-03-09,66.15,5.14,33.80,32.40,Maize,58.20,16.30,IMG-2067
SEN-1068,2025-03-10,15.22,7.52,20.00,58.50,Tomatoes,129.60,23.50,IMG-2068
SEN-1069,2025-03-11,79.08,7.81,31.90,62.60,Beans,143.80,22.20,IMG-2069
SEN-1070,2025-03-12,64.06,5.81,24.50,43.70,Maize,66.60,25.40,IMG-2070
SEN-1071,2025-03-13,23.91,5.45,32.90,87.80,Wheat,61.70,26.90,IMG-2071
SEN-1072,2025-03-14,10.39,6.75,32.80,84.60,Maize,63.60,24.30,IMG-2072
SEN-1073,2025-03-15,67.08,5.93,31.70,73.30,Maize,63.30,21.80,IMG-2073
SEN-1074,2025-03-16,59.48,4.59,31.40,62.00,Maize,34.30,5.80,IMG-2074
SEN-1075,2025-03-17,61.03,5.05,23.20,82.20,Tomatoes,141.20,18.40,IMG-2075
SEN-1076,2025-03-18,63.99,7.01,19.40,37.80,Maize,55.60,5.90,IMG-2076
SEN-1077,2025-03-19,15.18,6.81,24.90,77.40,Tomatoes,80.40,25.20,IMG-2077
SEN-1078,2025-03-20,35.09,4.59,20.90,37.50,Wheat,31.20,13.00,IMG-2078
SEN-1079,2025-03-21,18.11,5.28,29.80,77.70,Tomatoes,133.00,19.10,IMG-2079
SEN-1080,2025-03-22,70.42,5.31,23.90,46.50,Wheat,117.70,12.00,IMG-2080
SEN-1081,2025-03-23,53.63,6.85,34.60,82.60,Wheat,143.60,24.60,IMG-2081
SEN-1082,2025-03-24,33.16,4.57,28.90,86.60,Tomatoes,123.80,27.20,IMG-2082
SEN-1083,2025-03-25,14.45,4.86,32.00,38.90,Beans,67.60,15.00,IMG-2083
SEN-1084,2025-03-26,31.77,7.30,20.30,57.80,Lettuce,59.70,26.60,IMG-2084
SEN-1085,2025-03-27,32.76,5.12,32.70,88.90,Maize,113.70,11.70,IMG-2085
SEN-1086,2025-03-28,61.07,6.78,33.70,59.00,Lettuce,73.70,18.40,IMG-2086
SEN-1087,2025-03-29,54.63,5.33,26.30,81.80,Maize,97.90,26.50,IMG-2087
SEN-1088,2025-03-30,72.10,4.85,28.30,65.30,Maize,30.80,13.10,IMG-2088
SEN-1089,2025-03-31,43.06,5.35,31.00,52.50,Wheat,37.40,28.90,IMG-2089
SEN-1090,2025-04-01,18.37,7.03,21.00,47.10,Maize,94.20,8.00,IMG-2090
SEN-1091,2025-04-02,59.93,7.49,26.50,42.20,Maize,97.90,5.50,IMG-2091
SEN-1092,2025-04-03,63.25,7.41,24.80,75.70,Tomatoes,120.20,27.60,IMG-2092
SEN-1093,2025-04-04,49.29,5.89,20.50,53.20,Lettuce,45.80,6.70,IMG-2093
SEN-1094,2025-04-05,63.97,6.84,24.20,60.70,Tomatoes,91.60,29.80,IMG-2094
SEN-1095,2025-04-06,44.57,5.22,19.20,59.50,Maize,53.30,28.80,IMG-2095
SEN-1096,2025-04-07,46.59,5.53,18.40,64.60,Wheat,41.20,8.40,IMG-2096
SEN-1097,2025-04-08,39.93,7.64,20.30,81.90,Tomatoes,79.30,18.40,IMG-2097
SEN-1098,2025-04-09,11.78,4.55,34.40,88.80,Tomatoes,49.60,9.60,IMG-2098
SEN-1099,2025-04-10,17.55,4.80,27.30,54.50,Beans,56.60,15.70,IMG-2099
SEN-1100,2025-04-11,12.20,5.23,34.40,79.70,Maize,68.10,6.50,IMG-2100
SEN-1101,2025-04-12,54.55,4.59,25.40,75.90,Wheat,61.10,10.60,IMG-2101
SEN-1102,2025-04-13,32.00,5.14,23.30,64.40,Tomatoes,40.50,14.10,IMG-2102
SEN-1103,2025-04-14,45.60,6.54,26.60,87.40,Tomatoes,40.80,16.00,IMG-2103
SEN-1104,2025-04-15,73.53,5.97,25.50,42.00,Wheat,53.20,29.40,IMG-2104
SEN-1105,2025-04-16,27.45,7.62,19.80,36.60,Maize,36.10,25.20,IMG-2105
SEN-1106,2025-04-17,38.73,7.36,28.90,81.20,Beans,105.20,23.40,IMG-2106
SEN-1107,2025-04-18,45.19,6.29,26.60,59.40,Tomatoes,86.30,17.40,IMG-2107
SEN-1108,2025-04-19,26.02,5.41,28.50,80.80,Beans,63.60,26.00,IMG-2108
SEN-1109,2025-04-20,15.39,5.83,29.10,83.60,Lettuce,69.80,13.50,IMG-2109
SEN-1110,2025-04-21,30.28,6.57,20.60,33.70,Maize,109.50,22.70,IMG-2110
SEN-1111,2025-04-22,21.29,5.44,19.00,83.00,Lettuce,134.50,29.80,IMG-2111
SEN-1112,2025-04-23,75.08,6.68,31.30,56.90,Wheat,121.10,12.90,IMG-2112
SEN-1113,2025-04-24,66.57,5.93,25.80,60.60,Lettuce,117.30,21.90,IMG-2113
SEN-1114,2025-04-25,54.34,6.43,19.00,67.60,Maize,88.10,26.10,IMG-2114
SEN-1115,2025-04-26,71.00,6.03,34.90,85.60,Maize,113.30,27.90,IMG-2115
SEN-1116,2025-04-27,66.26,5.53,19.00,31.10,Wheat,96.30,22.90,IMG-2116
SEN-1117,2025-04-28,23.06,7.82,29.80,58.60,Beans,56.00,12.10,IMG-2117
SEN-1118,2025-04-29,45.19,6.29,26.60,59.40,Beans,86.30,17.40,IMG-2118
SEN-1119,2025-04-30,47.75,4.99,22.10,73.40,Wheat,65.60,5.50,IMG-2119
SEN-1120,2025-05-01,66.52,7.54,20.40,71.60,Wheat,139.30,24.00,IMG-2120
SEN-1121,2025-05-02,72.73,6.21,20.10,38.10,Lettuce,95.70,6.10,IMG-2121
SEN-1122,2025-05-03,32.26,7.63,23.20,48.00,Wheat,118.10,26.60,IMG-2122
SEN-1123,2025-05-04,17.70,7.30,19.70,51.50,Tomatoes,71.60,8.00,IMG-2123
SEN-1124,2025-05-05,25.96,5.99,29.80,78.30,Beans,78.90,9.30,IMG-2124
SEN-1125,2025-05-06,39.90,4.58,19.10,46.70,Wheat,45.10,16.90,IMG-2125
SEN-1126,2025-05-07,67.26,5.44,26.70,42.60,Tomatoes,50.60,23.40,IMG-2126
SEN-1127,2025-05-08,70.25,6.40,34.90,87.40,Tomatoes,129.30,8.50,IMG-2127
SEN-1128,2025-05-09,10.49,6.72,31.80,30.50,Tomatoes,100.20,16.00,IMG-2128
SEN-1129,2025-05-10,45.75,5.40,28.50,89.90,Tomatoes,70.50,17.10,IMG-2129
SEN-1130,2025-05-11,39.22,4.99,23.20,70.60,Lettuce,126.30,10.30,IMG-2130
SEN-1131,2025-05-12,25.55,7.42,28.60,79.70,Tomatoes,59.60,7.90,IMG-2131
SEN-1132,2025-05-13,18.39,7.95,27.00,47.70,Lettuce,147.10,25.90,IMG-2132
SEN-1133,2025-05-14,33.63,6.34,25.20,30.90,Lettuce,71.40,17.60,IMG-2133
SEN-1134,2025-05-15,76.00,5.10,20.20,74.30,Tomatoes,70.50,5.40,IMG-2134
SEN-1135,2025-05-16,32.62,5.45,33.10,80.00,Beans,67.40,25.10,IMG-2135
SEN-1136,2025-05-17,46.32,4.56,25.60,74.40,Tomatoes,44.70,29.50,IMG-2136
SEN-1137,2025-05-18,59.21,7.70,21.30,38.60,Tomatoes,43.30,20.10,IMG-2137
SEN-1138,2025-05-19,35.45,4.91,24.30,75.20,Tomatoes,107.80,17.60,IMG-2138
SEN-1139,2025-05-20,78.02,6.52,25.00,76.10,Beans,135.00,27.00,IMG-2139
SEN-1140,2025-05-21,77.37,5.46,32.10,69.50,Maize,124.90,28.80,IMG-2140
SEN-1141,2025-05-22,27.62,6.44,30.50,76.00,Maize,46.90,23.90,IMG-2141
SEN-1142,2025-05-23,44.81,6.78,31.10,80.80,Lettuce,95.50,16.10,IMG-2142
SEN-1143,2025-05-24,31.06,7.40,18.20,66.80,Lettuce,42.70,19.80,IMG-2143
SEN-1144,2025-05-25,29.94,5.22,25.10,35.30,Beans,35.40,22.50,IMG-2144
SEN-1145,2025-05-26,12.58,4.54,26.20,59.30,Wheat,108.80,9.90,IMG-2145
SEN-1146,2025-05-27,52.67,4.98,18.30,34.70,Maize,94.20,16.20,IMG-2146
SEN-1147,2025-05-28,45.19,7.65,22.40,54.50,Lettuce,39.80,25.70,IMG-2147
SEN-1148,2025-05-29,13.60,7.56,30.90,54.40,Maize,34.20,21.40,IMG-2148
SEN-1149,2025-05-30,29.51,6.59,20.30,34.00,Beans,148.80,15.30,IMG-2149
SEN-1150,2025-05-31,73.58,6.60,27.10,50.90,Beans,33.60,21.60,IMG-2150
SEN-1151,2025-06-01,26.77,6.83,21.70,36.70,Wheat,83.30,8.00,IMG-2151
SEN-1152,2025-06-02,20.14,5.11,18.20,78.50,Wheat,90.60,15.00,IMG-2152
SEN-1153,2025-06-03,44.26,7.70,22.10,86.90,Beans,44.10,24.80,IMG-2153
SEN-1154,2025-06-04,79.00,5.97,34.60,34.30,Lettuce,50.30,10.50,IMG-2154
SEN-1155,2025-06-05,26.94,5.84,31.60,87.30,Maize,72.20,9.60,IMG-2155
SEN-1156,2025-06-06,57.05,6.32,34.30,61.40,Tomatoes,121.40,28.80,IMG-2156
SEN-1157,2025-06-07,63.31,4.66,26.30,48.00,Wheat,90.80,10.20,IMG-2157
SEN-1158,2025-06-08,26.63,5.08,19.90,34.60,Tomatoes,106.50,11.50,IMG-2158
SEN-1159,2025-06-09,60.98,7.08,27.30,60.00,Lettuce,148.20,29.20,IMG-2159
SEN-1160,2025-06-10,35.74,4.79,25.70,77.70,Wheat,122.20,23.40,IMG-2160
SEN-1161,2025-06-11,54.26,6.61,32.40,72.40,Tomatoes,82.10,22.50,IMG-2161
SEN-1162,2025-06-12,54.35,5.36,19.70,33.00,Lettuce,83.60,26.30,IMG-2162
SEN-1163,2025-06-13,47.50,5.86,26.30,34.40,Maize,104.30,7.90,IMG-2163
SEN-1164,2025-06-14,16.32,5.51,20.60,54.20,Lettuce,109.80,22.60,IMG-2164
SEN-1165,2025-06-15,68.47,5.74,23.50,47.70,Wheat,90.10,17.60,IMG-2165
SEN-1166,2025-06-16,32.45,7.02,30.50,43.90,Beans,107.40,25.70,IMG-2166
SEN-1167,2025-06-17,23.06,5.54,26.10,46.90,Maize,32.80,17.70,IMG-2167
SEN-1168,2025-06-18,12.85,6.48,24.40,78.20,Tomatoes,81.60,20.50,IMG-2168
SEN-1169,2025-06-19,51.36,6.17,24.70,85.80,Wheat,63.50,16.90,IMG-2169
SEN-1170,2025-06-20,57.43,6.82,25.80,54.30,Beans,45.50,17.00,IMG-2170
SEN-1171,2025-06-21,11.16,7.78,31.30,84.40,Lettuce,41.90,24.20,IMG-2171
SEN-1172,2025-06-22,45.85,7.06,33.20,49.30,Beans,102.40,20.70,IMG-2172
SEN-1173,2025-06-23,25.85,5.25,34.20,58.60,Wheat,92.80,20.80,IMG-2173
SEN-1174,2025-06-24,55.16,4.61,31.40,43.60,Wheat,60.40,16.30,IMG-2174
SEN-1175,2025-06-25,22.21,5.42,23.40,68.40,Beans,86.50,18.30,IMG-2175
SEN-1176,2025-06-26,58.37,6.58,29.70,88.70,Lettuce,89.10,23.60,IMG-2176
SEN-1177,2025-06-27,37.07,4.68,25.40,66.20,Beans,53.40,25.60,IMG-2177
SEN-1178,2025-06-28,75.57,6.24,22.30,51.50,Wheat,108.30,22.40,IMG-2178
SEN-1179,2025-06-29,19.63,6.59,32.30,68.90,Wheat,123.70,28.10,IMG-2179
SEN-1180,2025-06-30,33.87,5.67,18.70,37.40,Tomatoes,125.00,25.50,IMG-2180
SEN-1181,2025-07-01,17.94,7.20,33.30,83.30,Tomatoes,102.30,19.00,IMG-2181
SEN-1182,2025-07-02,74.73,4.87,25.80,60.20,Maize,91.40,21.80,IMG-2182
SEN-1183,2025-07-03,71.41,4.76,28.80,57.00,Wheat,37.30,28.20,IMG-2183
SEN-1184,2025-07-04,28.06,7.05,29.20,65.20,Tomatoes,64.50,20.50,IMG-2184
SEN-1185,2025-07-05,56.20,6.23,33.20,67.50,Beans,41.20,25.60,IMG-2185
SEN-1186,2025-07-06,67.21,6.91,28.80,34.30,Lettuce,145.70,22.20,IMG-2186
SEN-1187,2025-07-07,48.86,6.02,28.40,71.00,Beans,46.20,18.80,IMG-2187
SEN-1188,2025-07-08,47.08,5.36,19.10,44.50,Lettuce,48.20,11.00,IMG-2188
SEN-1189,2025-07-09,26.93,7.37,26.80,72.80,Tomatoes,136.70,15.60,IMG-2189
SEN-1190,2025-07-10,16.52,7.30,20.60,79.40,Maize,143.30,29.20,IMG-2190
SEN-1191,2025-07-11,72.81,6.93,30.50,78.20,Beans,121.90,21.40,IMG-2191
SEN-1192,2025-07-12,73.03,5.45,26.70,63.20,Beans,30.60,19.10,IMG-2192
SEN-1193,2025-07-13,54.32,6.57,29.60,61.20,Beans,30.20,28.30,IMG-2193
SEN-1194,2025-07-14,33.73,5.76,18.70,38.60,Lettuce,75.40,19.70,IMG-2194
SEN-1195,2025-07-15,34.44,4.82,19.40,76.50,Tomatoes,47.20,18.20,IMG-2195
SEN-1196,2025-07-16,60.82,7.71,30.20,46.30,Beans,32.20,24.00,IMG-2196
SEN-1197,2025-07-17,72.80,4.98,19.20,59.80,Beans,85.70,22.80,IMG-2197
SEN-1198,2025-07-18,72.10,7.83,19.20,47.10,Maize,143.20,9.80,IMG-2198
SEN-1199,2025-07-19,64.59,6.06,18.20,38.00,Maize,68.90,16.80,IMG-2199
SEN-1200,2025-07-20,54.94,5.15,34.30,67.80,Tomatoes,109.30,16.80,IMG-2200
SEN-1201,2025-07-21,15.89,6.40,30.50,33.30,Tomatoes,108.30,14.50,IMG-2201
SEN-1202,2025-07-22,21.31,7.56,24.00,74.90,Wheat,60.10,17.90,IMG-2202
SEN-1203,2025-07-23,72.90,7.06,23.00,49.10,Maize,108.10,15.30,IMG-2203
SEN-1204,2025-07-24,52.45,7.32,23.90,30.00,Wheat,55.50,10.00,IMG-2204
SEN-1205,2025-07-25,10.64,6.81,31.20,60.70,Lettuce,44.60,15.30,IMG-2205
SEN-1206,2025-07-26,17.10,6.92,29.20,32.80,Wheat,114.20,6.80,IMG-2206
SEN-1207,2025-07-27,56.45,7.47,21.10,46.60,Beans,43.60,19.40,IMG-2207
SEN-1208,2025-07-28,10.35,5.37,21.00,72.40,Wheat,149.60,26.30,IMG-2208
SEN-1209,2025-07-29,21.26,6.21,19.70,33.80,Tomatoes,52.00,23.10,IMG-2209
SEN-1210,2025-07-30,48.41,5.27,29.20,80.40,Lettuce,101.30,14.00,IMG-2210
SEN-1211,2025-07-31,58.43,7.96,31.00,30.20,Beans,79.40,7.20,IMG-2211
SEN-1212,2025-08-01,55.64,7.80,22.50,44.80,Wheat,45.20,10.10,IMG-2212
SEN-1213,2025-08-02,25.70,4.64,18.40,74.50,Lettuce,33.30,18.60,IMG-2213
SEN-1214,2025-08-03,59.85,6.97,19.40,49.00,Lettuce,104.70,10.20,IMG-2214
SEN-1215,2025-08-04,26.61,7.74,34.50,36.10,Beans,126.80,18.60,IMG-2215
SEN-1216,2025-08-05,32.78,5.13,23.00,51.60,Wheat,131.00,10.80,IMG-2216
SEN-1217,2025-08-06,62.25,6.49,31.10,46.20,Lettuce,87.90,26.20,IMG-2217
SEN-1218,2025-08-07,55.47,7.70,28.60,80.60,Lettuce,123.30,14.90,IMG-2218
SEN-1219,2025-08-08,69.45,4.62,24.50,48.80,Maize,110.70,11.10,IMG-2219
SEN-1220,2025-08-09,56.03,6.94,21.50,77.30,Lettuce,116.90,25.30,IMG-2220
SEN-1221,2025-08-10,49.78,5.54,20.10,83.50,Maize,89.10,13.60,IMG-2221
SEN-1222,2025-08-11,16.56,7.74,28.50,56.00,Wheat,106.00,7.80,IMG-2222
SEN-1223,2025-08-12,35.74,7.90,31.20,84.60,Wheat,126.70,19.30,IMG-2223
SEN-1224,2025-08-13,28.56,7.80,28.90,52.60,Wheat,77.70,19.50,IMG-2224
SEN-1225,2025-08-14,27.08,6.16,27.00,87.80,Tomatoes,126.70,22.90,IMG-2225
SEN-1226,2025-08-15,78.11,7.52,18.70,35.40,Wheat,101.00,11.00,IMG-2226
SEN-1227,2025-08-16,37.52,7.46,34.50,71.20,Lettuce,49.90,16.10,IMG-2227
SEN-1228,2025-08-17,72.44,5.62,31.60,59.60,Beans,33.00,12.10,IMG-2228
SEN-1229,2025-08-18,54.18,7.40,23.00,53.30,Maize,73.50,7.00,IMG-2229
SEN-1230,2025-08-19,65.64,4.63,34.70,68.00,Tomatoes,95.60,26.90,IMG-2230
SEN-1231,2025-08-20,45.18,6.59,28.20,72.20,Wheat,130.80,23.20,IMG-2231
SEN-1232,2025-08-21,50.38,5.31,27.90,30.30,Wheat,45.30,12.50,IMG-2232
SEN-1233,2025-08-22,44.48,4.92,30.70,40.00,Beans,126.00,20.00,IMG-2233
SEN-1234,2025-08-23,23.67,4.77,31.80,72.80,Beans,133.60,10.00,IMG-2234
SEN-1235,2025-08-24,60.57,6.94,29.20,70.00,Tomatoes,48.10,27.30,IMG-2235
SEN-1236,2025-08-25,29.65,5.69,20.20,88.00,Maize,132.20,7.90,IMG-2236
SEN-1237,2025-08-26,11.70,7.04,23.80,75.70,Wheat,149.00,5.10,IMG-2237
SEN-1238,2025-08-27,55.18,4.73,33.80,87.00,Tomatoes,117.20,17.60,IMG-2238
SEN-1239,2025-08-28,22.40,5.60,21.80,72.20,Lettuce,124.20,19.60,IMG-2239
SEN-1240,2025-08-29,75.83,6.39,24.30,47.90,Lettuce,149.30,19.50,IMG-2240
SEN-1241,2025-08-30,76.78,7.27,25.30,36.30,Tomatoes,102.70,6.40,IMG-2241
SEN-1242,2025-08-31,74.04,5.62,25.50,76.90,Wheat,66.90,12.90,IMG-2242
SEN-1243,2025-09-01,35.91,6.69,28.40,68.60,Tomatoes,130.50,17.50,IMG-2243
SEN-1244,2025-09-02,45.19,6.29,26.60,59.40,Wheat,86.30,17.40,IMG-2244
SEN-1245,2025-09-03,74.98,6.66,22.10,51.60,Beans,99.70,26.80,IMG-2245
SEN-1246,2025-09-04,39.97,5.32,20.10,87.40,Tomatoes,60.40,7.20,IMG-2246
SEN-1247,2025-09-05,77.67,4.59,21.40,60.00,Wheat,120.80,17.20,IMG-2247
SEN-1248,2025-09-06,77.45,7.55,33.10,56.00,Tomatoes,39.80,22.30,IMG-2248
SEN-1249,2025-09-07,69.71,4.57,29.00,57.50,Tomatoes,140.90,11.50,IMG-2249
SEN-1250,2025-09-08,30.61,7.56,22.90,42.50,Wheat,69.10,20.60,IMG-2250
SEN-1251,2025-09-09,36.96,6.35,31.90,52.10,Wheat,45.30,25.70,IMG-2251
SEN-1252,2025-09-10,69.58,7.79,32.60,52.20,Maize,83.10,9.80,IMG-2252
SEN-1253,2025-09-11,32.18,7.30,32.40,33.10,Tomatoes,35.10,27.90,IMG-2253
SEN-1254,2025-09-12,21.86,7.99,33.60,76.10,Lettuce,112.20,18.80,IMG-2254
SEN-1255,2025-09-13,48.98,5.73,22.30,55.00,Tomatoes,138.30,12.50,IMG-2255
SEN-1256,2025-09-14,75.53,7.19,30.80,79.30,Tomatoes,130.50,15.80,IMG-2256
SEN-1257,2025-09-15,58.72,5.91,25.80,81.00,Wheat,45.30,12.80,IMG-2257
SEN-1258,2025-09-16,49.90,6.18,32.30,42.70,Tomatoes,45.20,23.10,IMG-2258
SEN-1259,2025-09-17,16.80,6.70,30.40,69.40,Tomatoes,127.60,24.90,IMG-2259
SEN-1260,2025-09-18,53.05,7.56,31.20,58.30,Lettuce,140.90,25.80,IMG-2260
SEN-1261,2025-09-19,79.30,7.94,29.20,82.80,Wheat,85.30,29.60,IMG-2261
SEN-1262,2025-09-20,19.81,7.19,21.00,42.90,Tomatoes,89.90,24.80,IMG-2262
SEN-1263,2025-09-21,46.28,5.96,27.30,70.70,Beans,68.20,20.00,IMG-2263
SEN-1264,2025-09-22,71.42,5.97,34.70,66.50,Maize,137.30,13.50,IMG-2264
SEN-1265,2025-09-23,61.85,7.08,33.90,47.70,Wheat,107.40,18.60,IMG-2265
SEN-1266,2025-09-24,58.79,5.34,18.70,38.20,Tomatoes,64.60,6.00,IMG-2266
SEN-1267,2025-09-25,59.17,4.89,20.80,69.10,Beans,65.90,23.60,IMG-2267
SEN-1268,2025-09-26,35.16,5.74,20.20,74.30,Tomatoes,136.90,16.10,IMG-2268
SEN-1269,2025-09-27,30.55,5.51,30.30,48.90,Tomatoes,31.60,5.50,IMG-2269
SEN-1270,2025-09-28,66.66,5.54,31.90,68.70,Wheat,68.70,6.60,IMG-2270
SEN-1271,2025-09-29,66.71,5.32,21.60,53.70,Wheat,96.50,14.70,IMG-2271
SEN-1272,2025-09-30,70.70,4.65,26.60,72.80,Wheat,47.80,19.60,IMG-2272
SEN-1273,2025-10-01,73.93,4.56,32.30,42.00,Beans,41.10,16.60,IMG-2273
SEN-1274,2025-10-02,45.79,7.96,30.50,83.40,Tomatoes,127.80,20.50,IMG-2274
SEN-1275,2025-10-03,45.11,6.00,27.20,47.20,Maize,137.30,17.00,IMG-2275
SEN-1276,2025-10-04,65.88,5.85,28.00,52.10,Lettuce,128.80,21.50,IMG-2276
SEN-1277,2025-10-05,55.50,6.88,26.60,33.50,Wheat,137.90,10.50,IMG-2277
SEN-1278,2025-10-06,59.14,5.26,23.10,36.70,Wheat,96.40,7.80,IMG-2278
SEN-1279,2025-10-07,65.71,7.82,27.60,61.00,Tomatoes,127.50,19.90,IMG-2279
SEN-1280,2025-10-08,72.30,7.25,29.70,46.10,Tomatoes,76.10,17.10,IMG-2280
SEN-1281,2025-10-09,33.66,4.81,32.80,80.10,Beans,110.00,5.70,IMG-2281
SEN-1282,2025-10-10,36.29,5.96,28.80,30.90,Beans,148.70,14.50,IMG-2282
SEN-1283,2025-10-11,16.58,7.58,30.90,52.70,Wheat,57.10,7.70,IMG-2283
SEN-1284,2025-10-12,50.48,7.81,20.70,50.20,Tomatoes,76.80,18.30,IMG-2284
SEN-1285,2025-10-13,12.52,6.14,25.80,31.20,Maize,87.60,14.90,IMG-2285
SEN-1286,2025-10-14,42.59,6.65,18.20,37.50,Lettuce,46.60,20.30,IMG-2286
SEN-1287,2025-10-15,47.99,5.08,22.20,54.80,Tomatoes,39.70,25.10,IMG-2287
SEN-1288,2025-10-16,30.06,7.97,30.30,59.60,Tomatoes,129.60,12.50,IMG-2288
SEN-1289,2025-10-17,51.36,5.31,34.90,54.30,Beans,147.20,29.10,IMG-2289
SEN-1290,2025-10-18,12.14,7.80,19.70,61.90,Lettuce,78.60,18.40,IMG-2290
SEN-1291,2025-10-19,12.61,6.77,24.80,65.70,Wheat,40.50,20.50,IMG-2291
SEN-1292,2025-10-20,67.58,6.63,31.60,30.60,Tomatoes,37.90,22.00,IMG-2292
SEN-1293,2025-10-21,35.21,6.29,21.50,57.80,Wheat,137.00,21.70,IMG-2293
SEN-1294,2025-10-22,18.89,5.31,27.40,87.80,Tomatoes,85.70,17.80,IMG-2294
SEN-1295,2025-10-23,46.56,5.12,30.50,61.10,Wheat,68.40,15.70,IMG-2295
SEN-1296,2025-10-24,63.90,5.27,28.50,70.70,Lettuce,87.20,6.30,IMG-2296
SEN-1297,2025-10-25,25.11,5.15,21.20,48.70,Beans,68.20,5.60,IMG-2297
SEN-1298,2025-10-26,53.60,7.23,24.00,76.40,Lettuce,88.70,13.90,IMG-2298
SEN-1299,2025-10-27,15.97,5.73,31.30,76.40,Maize,133.10,13.30,IMG-2299
SEN-1300,2025-10-28,13.62,4.70,27.40,61.30,Beans,101.10,14.70,IMG-2300
SEN-1301,2025-10-29,47.19,7.89,18.10,88.60,Lettuce,113.40,8.50,IMG-2301
SEN-1302,2025-10-30,47.84,7.59,30.90,37.50,Maize,73.80,23.50,IMG-2302
SEN-1303,2025-10-31,54.62,7.75,18.60,31.00,Tomatoes,118.60,26.40,IMG-2303
SEN-1304,2025-11-01,60.83,7.98,30.70,76.20,Tomatoes,110.00,28.50,IMG-2304
SEN-1305,2025-11-02,78.31,5.11,21.40,78.40,Wheat,44.30,17.30,IMG-2305
SEN-1306,2025-11-03,46.14,5.89,34.30,37.20,Beans,98.70,22.50,IMG-2306
SEN-1307,2025-11-04,32.61,7.15,24.30,45.90,Tomatoes,60.80,26.40,IMG-2307
SEN-1308,2025-11-05,65.66,6.94,23.60,31.10,Beans,126.50,15.50,IMG-2308
SEN-1309,2025-11-06,28.96,5.04,20.50,47.60,Tomatoes,81.10,12.70,IMG-2309
SEN-1310,2025-11-07,40.73,7.36,23.20,76.40,Wheat,149.40,28.40,IMG-2310
SEN-1311,2025-11-08,15.49,5.29,32.90,61.10,Lettuce,41.10,17.90,IMG-2311
SEN-1312,2025-11-09,11.77,5.28,34.90,50.90,Wheat,123.60,17.40,IMG-2312
SEN-1313,2025-11-10,77.39,6.38,24.30,52.30,Maize,110.80,9.50,IMG-2313
SEN-1314,2025-11-11,68.52,6.58,25.60,30.10,Tomatoes,122.10,7.70,IMG-2314
SEN-1315,2025-11-12,58.72,6.53,30.30,48.00,Maize,66.90,26.10,IMG-2315
SEN-1316,2025-11-13,38.63,4.82,33.10,68.80,Maize,89.00,20.40,IMG-2316
SEN-1317,2025-11-14,22.13,7.57,28.10,88.50,Wheat,125.60,13.10,IMG-2317
SEN-1318,2025-11-15,20.95,5.43,24.70,80.80,Tomatoes,57.90,9.80,IMG-2318
SEN-1319,2025-11-16,27.52,4.95,25.00,31.40,Maize,57.10,18.90,IMG-2319
SEN-1320,2025-11-17,48.45,7.61,29.80,83.90,Lettuce,96.10,19.60,IMG-2320
SEN-1321,2025-11-18,60.02,7.84,18.10,77.00,Wheat,92.80,10.20,IMG-2321
SEN-1322,2025-11-19,56.21,7.52,28.50,76.80,Lettuce,63.90,26.30,IMG-2322
SEN-1323,2025-11-20,29.60,7.33,24.00,57.50,Beans,65.80,7.10,IMG-2323
SEN-1324,2025-11-21,76.84,6.79,31.50,53.90,Maize,63.30,13.90,IMG-2324
SEN-1325,2025-11-22,61.65,6.43,19.60,48.20,Wheat,122.60,22.00,IMG-2325
SEN-1326,2025-11-23,48.80,4.80,28.00,33.90,Beans,108.20,11.90,IMG-2326
SEN-1327,2025-11-24,52.82,5.93,26.20,43.70,Lettuce,129.90,25.70,IMG-2327
SEN-1328,2025-11-25,39.37,5.80,28.90,44.80,Beans,147.10,23.50,IMG-2328
SEN-1329,2025-11-26,27.34,5.41,19.10,59.00,Maize,86.90,24.70,IMG-2329
SEN-1330,2025-11-27,34.92,7.03,27.90,74.80,Tomatoes,38.00,8.00,IMG-2330
SEN-1331,2025-11-28,63.05,6.24,27.50,58.40,Tomatoes,35.80,8.50,IMG-2331
SEN-1332,2025-11-29,11.01,4.78,27.50,33.50,Lettuce,65.50,12.20,IMG-2332
SEN-1333,2025-11-30,18.13,5.27,28.30,87.50,Lettuce,141.90,18.00,IMG-2333
SEN-1334,2025-12-01,13.22,6.89,29.50,86.60,Tomatoes,92.80,23.70,IMG-2334
SEN-1335,2025-12-02,12.85,4.77,31.70,77.10,Lettuce,62.60,25.90,IMG-2335
SEN-1336,2025-12-03,69.88,7.48,22.60,89.50,Beans,77.90,22.60,IMG-2336
SEN-1337,2025-12-04,59.26,6.23,32.00,62.70,Wheat,101.80,28.20,IMG-2337
SEN-1338,2025-12-05,43.19,6.18,26.50,87.80,Wheat,108.40,23.50,IMG-2338
SEN-1339,2025-12-06,16.85,6.57,19.30,34.50,Beans,48.50,12.70,IMG-2339
SEN-1340,2025-12-07,44.41,7.39,19.00,51.90,Wheat,147.20,11.60,IMG-2340
SEN-1341,2025-12-08,43.14,5.72,23.70,43.50,Maize,95.40,22.40,IMG-2341
SEN-1342,2025-12-09,22.12,6.87,31.30,41.70,Beans,46.30,9.80,IMG-2342
SEN-1343,2025-12-10,40.37,6.48,30.00,38.40,Lettuce,137.20,7.30,IMG-2343
SEN-1344,2025-12-11,37.90,5.43,31.40,67.30,Beans,39.00,18.30,IMG-2344
SEN-1345,2025-12-12,53.11,7.58,26.80,76.90,Tomatoes,138.90,25.50,IMG-2345
SEN-1346,2025-12-13,54.46,7.29,25.50,64.70,Lettuce,149.60,7.50,IMG-2346
SEN-1347,2025-12-14,13.17,6.80,20.50,38.80,Tomatoes,114.10,24.80,IMG-2347
SEN-1348,2025-12-15,36.22,7.48,23.60,78.70,Lettuce,122.50,25.30,IMG-2348
SEN-1349,2025-12-16,53.81,7.54,25.40,68.20,Wheat,70.50,17.10,IMG-2349
SEN-1350,2025-12-17,45.22,6.98,19.50,53.30,Beans,143.00,6.40,IMG-2350
SEN-1351,2025-12-18,69.95,7.43,21.80,70.40,Maize,93.60,9.40,IMG-2351
SEN-1352,2025-12-19,56.11,6.94,28.20,45.60,Lettuce,117.90,22.70,IMG-2352
SEN-1353,2025-12-20,21.41,6.88,30.50,50.70,Lettuce,140.90,22.80,IMG-2353
SEN-1354,2025-12-21,14.94,6.67,35.00,85.00,Tomatoes,147.00,27.50,IMG-2354
SEN-1355,2025-12-22,54.97,7.13,33.90,47.40,Wheat,130.00,19.60,IMG-2355
SEN-1356,2025-12-23,11.86,5.06,28.90,58.20,Tomatoes,66.40,8.10,IMG-2356
SEN-1357,2025-12-24,51.00,7.58,25.20,83.40,Tomatoes,146.00,8.00,IMG-2357
SEN-1358,2025-12-25,75.82,7.55,28.80,72.50,Wheat,105.40,23.00,IMG-2358
SEN-1359,2025-12-26,50.28,4.60,31.40,33.70,Maize,141.70,9.60,IMG-2359
SEN-1360,2025-12-27,37.17,7.39,20.00,38.80,Tomatoes,111.10,13.20,IMG-2360
SEN-1361,2025-12-28,55.03,4.95,25.00,30.50,Tomatoes,66.90,17.20,IMG-2361
SEN-1362,2025-12-29,42.08,5.67,32.30,67.90,Lettuce,74.40,5.60,IMG-2362
SEN-1363,2025-12-30,48.19,7.10,24.50,56.90,Wheat,96.10,11.20,IMG-2363
SEN-1364,2025-12-31,75.90,5.06,27.70,38.10,Beans,124.80,15.20,IMG-2364
SEN-1365,2026-01-01,37.03,7.36,28.00,87.50,Maize,68.20,12.00,IMG-2365
SEN-1366,2026-01-02,77.28,7.41,21.10,61.80,Maize,99.60,8.40,IMG-2366
SEN-1367,2026-01-03,73.37,6.28,24.20,44.50,Wheat,71.50,23.20,IMG-2367
SEN-1368,2026-01-04,23.71,4.52,23.70,60.00,Lettuce,127.90,25.30,IMG-2368
SEN-1369,2026-01-05,14.86,5.50,18.40,70.80,Lettuce,86.00,11.40,IMG-2369
SEN-1370,2026-01-06,17.05,6.66,18.40,34.60,Wheat,39.20,24.40,IMG-2370
SEN-1371,2026-01-07,11.28,7.93,32.10,46.50,Lettuce,49.90,14.60,IMG-2371
SEN-1372,2026-01-08,16.61,6.71,22.60,78.40,Maize,37.30,17.70,IMG-2372
SEN-1373,2026-01-09,57.81,5.41,26.80,57.60,Maize,89.90,26.40,IMG-2373
SEN-1374,2026-01-10,14.98,6.72,23.10,62.80,Beans,42.80,23.70,IMG-2374
SEN-1375,2026-01-11,32.33,6.39,34.00,56.00,Wheat,43.70,25.10,IMG-2375
SEN-1376,2026-01-12,69.14,7.23,22.40,32.60,Tomatoes,142.90,8.40,IMG-2376
SEN-1377,2026-01-13,11.63,4.87,25.30,39.90,Tomatoes,134.70,6.70,IMG-2377
SEN-1378,2026-01-14,67.01,7.16,32.80,56.70,Beans,84.30,27.30,IMG-2378
SEN-1379,2026-01-15,29.73,6.39,32.30,42.60,Beans,148.30,14.70,IMG-2379
SEN-1380,2026-01-16,18.27,7.87,21.20,33.00,Lettuce,30.00,12.20,IMG-2380
SEN-1381,2026-01-17,58.77,5.70,31.60,80.60,Beans,103.70,23.10,IMG-2381
SEN-1382,2026-01-18,54.03,6.71,25.80,88.90,Beans,104.00,25.90,IMG-2382
SEN-1383,2026-01-19,71.42,7.76,26.20,77.60,Tomatoes,84.90,26.60,IMG-2383
SEN-1384,2026-01-20,61.45,4.86,20.30,81.20,Lettuce,77.60,12.90,IMG-2384
SEN-1385,2026-01-21,66.24,7.78,19.40,44.50,Beans,84.60,26.30,IMG-2385
SEN-1386,2026-01-22,29.74,6.91,30.40,87.60,Beans,79.80,6.00,IMG-2386
SEN-1387,2026-01-23,22.42,4.74,26.40,41.80,Lettuce,117.70,6.20,IMG-2387
SEN-1388,2026-01-24,62.54,5.55,25.40,87.10,Wheat,46.20,20.60,IMG-2388
SEN-1389,2026-01-25,66.48,6.98,30.40,89.70,Lettuce,53.70,6.60,IMG-2389
SEN-1390,2026-01-26,79.34,4.74,31.00,72.70,Tomatoes,51.70,13.10,IMG-2390
SEN-1391,2026-01-27,38.88,6.54,20.70,88.90,Wheat,61.50,21.80,IMG-2391
SEN-1392,2026-01-28,36.04,5.71,28.40,64.20,Maize,93.00,13.40,IMG-2392
SEN-1393,2026-01-29,64.35,6.67,20.30,45.60,Lettuce,43.30,9.50,IMG-2393
SEN-1394,2026-01-30,33.86,4.66,30.80,56.20,Tomatoes,134.20,12.00,IMG-2394
SEN-1395,2026-01-31,75.15,7.55,29.20,65.60,Wheat,65.70,16.40,IMG-2395
SEN-1396,2026-02-01,70.09,7.91,34.30,34.40,Lettuce,49.50,16.90,IMG-2396
SEN-1397,2026-02-02,40.03,7.89,19.20,67.30,Beans,111.10,24.60,IMG-2397
SEN-1398,2026-02-03,62.56,7.12,19.00,88.90,Lettuce,34.60,23.80,IMG-2398
SEN-1399,2026-02-04,62.82,4.96,22.80,41.40,Maize,104.40,16.40,IMG-2399
SEN-1400,2026-02-05,17.22,7.15,22.40,77.60,Lettuce,113.80,26.10,IMG-2400
SEN-1401,2026-02-06,73.18,4.59,22.20,84.50,Wheat,55.80,7.90,IMG-2401
SEN-1402,2026-02-07,45.37,4.58,33.40,86.60,Wheat,35.00,11.40,IMG-2402
SEN-1403,2026-02-08,67.85,5.63,22.20,87.60,Lettuce,73.60,25.70,IMG-2403
SEN-1404,2026-02-09,32.40,6.21,22.60,61.30,Wheat,41.80,14.40,IMG-2404
SEN-1405,2026-02-10,72.69,7.20,30.90,88.60,Beans,44.00,29.50,IMG-2405
SEN-1406,2026-02-11,37.24,6.89,25.60,75.40,Lettuce,60.50,16.70,IMG-2406
SEN-1407,2026-02-12,10.76,6.06,31.20,39.70,Beans,65.50,24.80,IMG-2407
SEN-1408,2026-02-13,73.38,5.46,19.10,58.60,Beans,93.60,15.10,IMG-2408
SEN-1409,2026-02-14,16.39,7.99,26.30,73.10,Tomatoes,111.40,15.60,IMG-2409
SEN-1410,2026-02-15,32.35,5.99,18.60,44.80,Lettuce,101.10,14.60,IMG-2410
SEN-1411,2026-02-16,76.50,6.08,19.10,68.40,Wheat,47.80,23.00,IMG-2411
SEN-1412,2026-02-17,76.54,5.07,33.40,70.00,Beans,50.70,18.70,IMG-2412
SEN-1413,2026-02-18,50.14,7.28,20.40,39.80,Tomatoes,135.50,28.60,IMG-2413
SEN-1414,2026-02-19,54.23,6.93,27.10,63.90,Lettuce,97.00,11.30,IMG-2414
SEN-1415,2026-02-20,41.39,5.27,25.00,76.30,Lettuce,134.40,7.50,IMG-2415
SEN-1416,2026-02-21,30.52,4.79,23.90,59.90,Maize,74.60,14.80,IMG-2416
SEN-1417,2026-02-22,33.01,6.88,33.30,30.70,Maize,103.70,20.40,IMG-2417
SEN-1418,2026-02-23,57.08,6.79,18.40,30.50,Beans,92.80,26.50,IMG-2418
SEN-1419,2026-02-24,62.67,5.46,29.30,51.40,Maize,68.30,13.70,IMG-2419
SEN-1420,2026-02-25,65.41,7.83,34.40,85.60,Beans,86.40,21.30,IMG-2420
SEN-1421,2026-02-26,65.27,5.03,27.50,43.70,Wheat,90.30,13.80,IMG-2421
SEN-1422,2026-02-27,16.38,6.01,33.90,68.10,Beans,54.10,20.40,IMG-2422
SEN-1423,2026-02-28,44.61,7.80,18.90,43.30,Maize,67.80,27.10,IMG-2423
SEN-1424,2026-03-01,14.03,5.97,25.10,49.30,Wheat,125.00,10.80,IMG-2424
SEN-1425,2026-03-02,48.47,6.73,22.40,80.90,Maize,139.90,15.10,IMG-2425
SEN-1426,2026-03-03,40.91,5.89,30.40,73.70,Beans,73.20,29.80,IMG-2426
SEN-1427,2026-03-04,72.14,5.46,34.70,35.70,Tomatoes,66.80,26.70,IMG-2427
SEN-1428,2026-03-05,34.56,7.94,22.40,55.70,Lettuce,53.40,19.10,IMG-2428
SEN-1429,2026-03-06,18.19,5.93,29.10,31.80,Maize,111.40,17.90,IMG-2429
SEN-1430,2026-03-07,20.01,7.63,21.40,58.90,Beans,68.80,12.10,IMG-2430
SEN-1431,2026-03-08,63.31,5.30,27.60,69.70,Wheat,148.50,17.90,IMG-2431
SEN-1432,2026-03-09,53.28,5.25,25.90,37.10,Maize,69.10,26.20,IMG-2432
SEN-1433,2026-03-10,17.08,4.61,34.50,47.30,Maize,77.30,22.10,IMG-2433
SEN-1434,2026-03-11,15.89,6.78,28.30,53.90,Lettuce,102.40,12.30,IMG-2434
SEN-1435,2026-03-12,59.07,5.79,23.90,85.20,Beans,126.20,10.00,IMG-2435
SEN-1436,2026-03-13,15.09,7.53,19.90,89.60,Tomatoes,86.30,11.60,IMG-2436
SEN-1437,2026-03-14,67.53,6.16,20.60,32.70,Wheat,80.70,9.20,IMG-2437
SEN-1438,2026-03-15,59.44,7.89,21.80,75.70,Beans,149.50,7.40,IMG-2438
SEN-1439,2026-03-16,15.69,5.15,22.30,52.30,Wheat,31.30,15.50,IMG-2439
SEN-1440,2026-03-17,15.94,7.54,32.50,53.50,Maize,137.40,7.80,IMG-2440
SEN-1441,2026-03-18,79.06,7.22,27.50,75.30,Lettuce,47.90,9.30,IMG-2441
SEN-1442,2026-03-19,36.20,7.20,26.90,85.10,Lettuce,124.30,18.70,IMG-2442
SEN-1443,2026-03-20,35.94,7.46,20.00,87.10,Tomatoes,104.20,9.10,IMG-2443
SEN-1444,2026-03-21,66.90,7.16,32.60,64.60,Lettuce,71.00,6.60,IMG-2444
SEN-1445,2026-03-22,76.31,6.69,30.30,51.40,Maize,134.90,12.90,IMG-2445
SEN-1446,2026-03-23,79.02,4.96,19.20,77.30,Tomatoes,31.50,10.50,IMG-2446
SEN-1447,2026-03-24,62.74,4.61,30.00,45.10,Beans,57.20,17.90,IMG-2447
SEN-1448,2026-03-25,36.34,7.72,27.20,63.80,Lettuce,98.00,7.60,IMG-2448
SEN-1449,2026-03-26,15.85,6.66,19.40,51.50,Tomatoes,72.20,23.80,IMG-2449
SEN-1450,2026-03-27,64.40,7.29,25.80,69.40,Maize,103.20,27.70,IMG-2450
SEN-1451,2026-03-28,49.09,6.19,26.20,44.40,Wheat,32.90,23.60,IMG-2451
SEN-1452,2026-03-29,39.70,4.91,20.80,41.50,Wheat,44.00,18.30,IMG-2452
SEN-1453,2026-03-30,73.44,4.94,34.10,85.10,Maize,45.30,26.50,IMG-2453
SEN-1454,2026-03-31,17.78,6.90,32.40,36.10,Maize,52.70,22.40,IMG-2454
SEN-1455,2026-04-01,44.48,6.01,29.40,60.40,Wheat,85.10,5.30,IMG-2455
SEN-1457,2026-04-03,42.81,6.22,25.00,32.30,Wheat,138.70,26.30,IMG-2457
SEN-1458,2026-04-04,13.94,4.72,29.10,32.20,Maize,130.20,13.60,IMG-2458
SEN-1459,2026-04-05,45.19,6.29,26.60,59.40,Lettuce,86.30,17.40,IMG-2459
SEN-1460,2026-04-06,18.23,5.44,19.10,82.00,Beans,82.90,23.70,IMG-2460
SEN-1461,2026-04-07,55.44,7.29,26.70,46.90,Lettuce,53.90,25.10,IMG-2461
SEN-1462,2026-04-08,62.22,5.59,31.70,87.00,Lettuce,61.70,9.00,IMG-2462
SEN-1463,2026-04-09,50.84,6.09,25.80,64.90,Maize,90.40,18.40,IMG-2463
SEN-1464,2026-04-10,77.35,4.54,18.90,56.20,Wheat,38.20,9.80,IMG-2464
SEN-1465,2026-04-11,36.24,4.75,31.40,64.80,Tomatoes,56.20,23.00,IMG-2465
SEN-1466,2026-04-12,30.00,5.87,21.40,61.00,Lettuce,142.20,11.80,IMG-2466
SEN-1467,2026-04-13,70.80,6.18,22.40,75.50,Wheat,85.90,12.90,IMG-2467
SEN-1468,2026-04-14,25.65,6.60,20.80,46.90,Tomatoes,83.40,26.10,IMG-2468
SEN-1469,2026-04-15,77.43,5.52,23.60,51.20,Lettuce,31.70,16.90,IMG-2469
SEN-1470,2026-04-16,10.85,6.93,30.90,83.60,Tomatoes,59.70,21.70,IMG-2470
SEN-1471,2026-04-17,77.89,7.51,26.80,86.80,Wheat,134.00,15.10,IMG-2471
SEN-1472,2026-04-18,13.02,7.23,21.50,83.60,Beans,49.80,12.50,IMG-2472
SEN-1473,2026-04-19,72.38,4.64,32.90,55.20,Wheat,79.80,20.60,IMG-2473
SEN-1474,2026-04-20,46.94,6.18,33.00,76.80,Maize,31.70,8.90,IMG-2474
SEN-1475,2026-04-21,79.51,4.87,32.80,58.60,Tomatoes,87.40,14.30,IMG-2475
SEN-1476,2026-04-22,15.17,5.35,22.10,59.90,Beans,32.50,10.20,IMG-2476
SEN-1477,2026-04-23,48.77,7.95,25.70,42.30,Tomatoes,128.40,22.40,IMG-2477
SEN-1478,2026-04-24,77.85,5.00,34.70,65.50,Tomatoes,129.00,28.60,IMG-2478
SEN-1479,2026-04-25,46.62,6.25,31.10,41.20,Lettuce,124.50,29.90,IMG-2479
SEN-1480,2026-04-26,54.06,6.66,18.50,49.90,Maize,64.00,16.30,IMG-2480
SEN-1481,2026-04-27,58.70,6.96,19.10,81.30,Tomatoes,130.50,11.30,IMG-2481
SEN-1482,2026-04-28,41.82,6.46,25.90,42.40,Wheat,95.20,16.10,IMG-2482
SEN-1483,2026-04-29,53.93,4.53,33.50,34.30,Wheat,74.90,26.20,IMG-2483
SEN-1485,2026-05-01,73.08,6.31,26.50,86.40,Maize,31.50,28.80,IMG-2485
SEN-1486,2026-05-02,13.18,4.81,19.80,60.40,Maize,47.20,13.50,IMG-2486
SEN-1487,2026-05-03,29.67,5.73,29.20,54.60,Wheat,119.10,29.60,IMG-2487
SEN-1488,2026-05-04,76.53,4.62,32.00,78.70,Beans,59.30,26.00,IMG-2488
SEN-1489,2026-05-05,72.32,4.78,24.50,80.10,Lettuce,101.80,25.20,IMG-2489
SEN-1490,2026-05-06,41.90,5.89,31.20,49.90,Lettuce,76.20,12.90,IMG-2490
SEN-1491,2026-05-07,53.41,4.96,34.40,71.60,Wheat,132.60,5.20,IMG-2491
SEN-1492,2026-05-08,29.42,6.49,21.50,76.30,Wheat,144.30,14.60,IMG-2492
SEN-1493,2026-05-09,23.17,6.91,26.90,69.30,Beans,136.00,12.50,IMG-2493
SEN-1494,2026-05-10,42.46,7.30,22.90,39.10,Beans,62.50,5.90,IMG-2494
SEN-1495,2026-05-11,34.73,5.20,31.50,82.60,Maize,53.30,17.60,IMG-2495
SEN-1496,2026-05-12,50.86,5.09,27.80,62.30,Lettuce,86.90,15.10,IMG-2496
SEN-1497,2026-05-13,15.44,4.87,28.80,46.90,Lettuce,30.90,20.90,IMG-2497
SEN-1498,2026-05-14,78.21,6.73,31.60,55.50,Wheat,33.10,20.50,IMG-2498
SEN-1499,2026-05-15,79.03,6.97,24.70,32.30,Maize,96.40,8.00,IMG-2499
SEN-1500,2026-05-16,58.87,4.61,33.60,37.70,Lettuce,92.50,29.40,IMG-2500
SEN-1501,2026-05-17,47.53,7.78,27.10,75.90,Maize,149.30,9.70,IMG-2501
SEN-1502,2026-05-18,31.67,4.68,20.70,30.00,Maize,54.20,16.10,IMG-2502
SEN-1503,2026-05-19,66.97,6.39,29.80,55.00,Wheat,61.00,17.20,IMG-2503
SEN-1504,2026-05-20,57.93,6.98,31.50,61.40,Maize,43.60,25.30,IMG-2504
SEN-1505,2026-05-21,21.38,7.55,23.40,33.30,Beans,140.10,7.50,IMG-2505
SEN-1506,2026-05-22,73.76,7.00,32.60,88.40,Beans,123.30,15.70,IMG-2506
SEN-1507,2026-05-23,67.58,7.31,33.40,43.60,Tomatoes,128.70,20.70,IMG-2507
SEN-1508,2026-05-24,76.49,5.69,22.70,48.30,Wheat,138.30,10.40,IMG-2508
SEN-1509,2026-05-25,60.80,7.35,34.70,48.20,Tomatoes,93.00,20.70,IMG-2509
SEN-1510,2026-05-26,52.94,4.78,20.40,43.80,Beans,84.10,28.10,IMG-2510
SEN-1511,2026-05-27,39.28,7.63,21.40,30.10,Tomatoes,69.60,29.90,IMG-2511
SEN-1512,2026-05-28,75.29,6.42,21.10,73.80,Wheat,100.70,5.80,IMG-2512
SEN-1513,2026-05-29,70.62,7.36,33.20,88.00,Wheat,84.50,10.90,IMG-2513
SEN-1514,2026-05-30,13.17,6.08,29.10,43.50,Maize,84.20,12.80,IMG-2514
SEN-1515,2026-05-31,11.85,6.75,20.60,69.80,Lettuce,142.40,15.00,IMG-2515
SEN-1516,2026-06-01,36.35,6.34,25.50,74.50,Maize,148.10,11.10,IMG-2516
SEN-1517,2026-06-02,66.74,7.06,28.50,80.90,Wheat,125.60,10.10,IMG-2517
SEN-1518,2026-06-03,79.11,4.79,19.40,55.40,Beans,120.80,28.90,IMG-2518
SEN-1519,2026-06-04,20.53,4.71,33.00,48.20,Beans,111.70,28.00,IMG-2519
SEN-1520,2026-06-05,51.59,5.36,31.70,49.50,Maize,49.90,6.20,IMG-2520
SEN-1521,2026-06-06,36.66,5.06,26.60,72.80,Wheat,37.10,13.50,IMG-2521
SEN-1522,2026-06-07,77.89,7.55,34.40,79.00,Beans,112.90,15.10,IMG-2522
SEN-1523,2026-06-08,68.95,5.27,25.10,40.90,Wheat,117.50,11.00,IMG-2523
SEN-1524,2026-06-09,68.68,7.92,34.70,52.30,Beans,35.60,20.70,IMG-2524
SEN-1525,2026-06-10,42.81,5.68,29.40,84.10,Wheat,141.40,21.00,IMG-2525
SEN-1526,2026-06-11,39.04,5.14,28.80,78.40,Tomatoes,40.90,26.30,IMG-2526
SEN-1527,2026-06-12,29.14,7.26,20.80,89.10,Wheat,64.30,23.50,IMG-2527
SEN-1528,2026-06-13,13.95,6.81,33.00,75.30,Wheat,110.70,18.60,IMG-2528
SEN-1529,2026-06-14,70.53,6.24,25.30,53.60,Maize,50.40,21.30,IMG-2529
SEN-1530,2026-06-15,66.90,6.44,20.80,65.40,Tomatoes,36.60,11.80,IMG-2530
SEN-1531,2026-06-16,79.98,7.02,18.20,69.70,Lettuce,69.70,19.80,IMG-2531
SEN-1532,2026-06-17,79.76,5.30,27.50,34.70,Maize,121.90,17.20,IMG-2532
SEN-1533,2026-06-18,48.88,7.99,27.00,62.70,Lettuce,79.60,8.30,IMG-2533
SEN-1534,2026-06-19,63.83,7.91,30.20,72.60,Beans,108.40,11.10,IMG-2534
SEN-1535,2026-06-20,76.13,6.78,33.10,40.00,Lettuce,99.60,12.30,IMG-2535
SEN-1536,2026-06-21,69.48,5.20,19.30,76.80,Wheat,32.70,28.10,IMG-2536
SEN-1537,2026-06-22,27.31,6.88,30.40,65.00,Lettuce,148.60,10.80,IMG-2537
SEN-1538,2026-06-23,41.54,4.75,21.20,87.10,Maize,35.00,12.20,IMG-2538
SEN-1539,2026-06-24,19.04,4.61,32.60,32.50,Maize,146.10,14.20,IMG-2539
SEN-1540,2026-06-25,76.78,5.40,31.90,45.90,Lettuce,96.00,21.60,IMG-2540
SEN-1541,2026-06-26,52.43,6.12,27.20,66.10,Maize,145.60,8.00,IMG-2541
SEN-1542,2026-06-27,26.00,7.54,30.10,47.80,Maize,43.80,28.80,IMG-2542
SEN-1543,2026-06-28,57.02,7.05,23.30,72.90,Lettuce,88.80,26.60,IMG-2543
SEN-1544,2026-06-29,53.27,7.10,26.00,75.50,Tomatoes,50.30,19.40,IMG-2544
SEN-1545,2026-06-30,35.07,5.99,32.00,36.20,Tomatoes,36.10,21.90,IMG-2545
SEN-1546,2026-07-01,17.95,5.71,25.80,60.80,Beans,104.10,5.40,IMG-2546
SEN-1547,2026-07-02,57.01,5.80,24.10,60.50,Maize,54.90,13.50,IMG-2547
SEN-1548,2026-07-03,46.42,7.96,26.40,52.20,Lettuce,100.50,24.90,IMG-2548
SEN-1549,2026-07-04,64.06,4.64,32.10,86.00,Maize,43.50,6.90,IMG-2549
SEN-1550,2026-07-05,46.41,7.53,23.70,79.70,Wheat,69.80,12.10,IMG-2550
SEN-1551,2026-07-06,69.65,6.53,21.00,71.80,Maize,123.80,19.60,IMG-2551
SEN-1552,2026-07-07,48.63,6.04,30.10,72.90,Maize,82.40,11.40,IMG-2552
SEN-1553,2026-07-08,49.27,7.04,32.00,57.70,Tomatoes,105.30,28.30,IMG-2553
SEN-1554,2026-07-09,71.37,6.20,19.70,85.30,Lettuce,107.70,8.30,IMG-2554
SEN-1555,2026-07-10,38.24,7.56,22.10,71.70,Maize,131.30,24.90,IMG-2555
SEN-1556,2026-07-11,19.38,7.65,20.40,73.70,Tomatoes,69.00,17.70,IMG-2556
SEN-1557,2026-07-12,12.01,5.98,23.90,81.70,Beans,112.50,23.80,IMG-2557
SEN-1558,2026-07-13,62.86,5.47,25.70,46.40,Tomatoes,145.40,12.80,IMG-2558
SEN-1559,2026-07-14,53.42,6.57,30.70,78.40,Tomatoes,117.60,17.90,IMG-2559
SEN-1560,2026-07-15,59.29,7.69,29.10,41.70,Tomatoes,88.80,26.40,IMG-2560
SEN-1561,2026-07-16,24.91,5.24,28.60,50.70,Maize,105.70,16.70,IMG-2561
SEN-1562,2026-07-17,19.55,6.68,24.00,50.10,Maize,118.80,14.00,IMG-2562
SEN-1563,2026-07-18,11.02,6.71,32.30,88.70,Beans,103.50,18.40,IMG-2563
SEN-1564,2026-07-19,34.54,7.07,26.00,81.40,Wheat,32.00,22.90,IMG-2564
SEN-1565,2026-07-20,51.29,4.96,34.60,72.10,Wheat,53.40,16.10,IMG-2565
SEN-1566,2026-07-21,37.46,7.01,28.80,73.60,Wheat,127.30,28.50,IMG-2566
SEN-1567,2026-07-22,40.62,7.68,20.10,63.70,Beans,62.70,12.40,IMG-2567
SEN-1568,2026-07-23,73.29,5.13,29.50,86.80,Wheat,117.80,16.90,IMG-2568
SEN-1569,2026-07-24,34.38,5.33,23.50,59.80,Wheat,74.70,23.90,IMG-2569
SEN-1570,2026-07-25,45.98,7.90,29.70,52.80,Tomatoes,92.60,22.20,IMG-2570
SEN-1571,2026-07-26,64.86,5.13,19.20,39.80,Maize,38.20,26.60,IMG-2571
SEN-1572,2026-07-27,37.76,7.49,21.00,77.20,Maize,51.70,29.90,IMG-2572
SEN-1573,2026-07-28,53.55,6.22,32.50,74.10,Tomatoes,144.90,15.70,IMG-2573
SEN-1574,2026-07-29,70.37,5.37,21.90,53.10,Tomatoes,136.80,7.80,IMG-2574
SEN-1575,2026-07-30,76.47,7.55,32.20,31.50,Tomatoes,108.30,5.80,IMG-2575
SEN-1576,2026-07-31,20.30,6.06,22.70,80.30,Maize,85.20,23.20,IMG-2576
SEN-1577,2026-08-01,74.86,6.30,28.90,30.70,Wheat,111.10,26.90,IMG-2577
SEN-1578,2026-08-02,44.45,5.76,29.80,72.20,Tomatoes,104.20,10.50,IMG-2578
SEN-1579,2026-08-03,28.08,6.58,26.70,88.20,Beans,98.20,9.00,IMG-2579
SEN-1580,2026-08-04,42.14,5.07,23.20,56.30,Tomatoes,37.10,6.60,IMG-2580
SEN-1581,2026-08-05,78.60,5.87,21.60,44.10,Lettuce,105.90,25.60,IMG-2581
SEN-1582,2026-08-06,44.48,7.89,18.60,72.30,Tomatoes,122.30,12.80,IMG-2582
SEN-1583,2026-08-07,33.01,5.40,23.20,79.00,Maize,149.30,15.00,IMG-2583
SEN-1584,2026-08-08,54.34,6.80,29.10,62.80,Tomatoes,31.30,17.60,IMG-2584
SEN-1585,2026-08-09,26.81,5.64,34.00,88.00,Lettuce,117.60,26.00,IMG-2585
SEN-1586,2026-08-10,15.31,7.21,32.80,33.10,Beans,98.60,21.30,IMG-2586
SEN-1587,2026-08-11,19.02,4.96,31.00,60.30,Wheat,82.10,20.40,IMG-2587
SEN-1588,2026-08-12,18.96,7.89,31.40,73.10,Tomatoes,45.30,9.40,IMG-2588
SEN-1589,2026-08-13,20.63,6.09,29.30,81.80,Lettuce,79.10,17.80,IMG-2589
SEN-1590,2026-08-14,19.72,5.33,22.40,40.80,Lettuce,72.50,22.90,IMG-2590
SEN-1591,2026-08-15,54.86,4.76,33.40,78.00,Beans,66.30,29.30,IMG-2591
SEN-1592,2026-08-16,22.73,5.09,29.40,63.20,Maize,117.70,10.00,IMG-2592
SEN-1593,2026-08-17,34.20,6.32,27.50,53.80,Tomatoes,114.10,5.20,IMG-2593
SEN-1594,2026-08-18,72.78,5.68,19.90,37.90,Lettuce,100.70,6.90,IMG-2594
SEN-1595,2026-08-19,43.18,7.40,25.60,81.90,Beans,142.60,14.40,IMG-2595
SEN-1596,2026-08-20,56.73,6.01,25.80,39.40,Wheat,72.00,25.50,IMG-2596
SEN-1597,2026-08-21,22.06,5.37,32.70,48.60,Lettuce,59.30,5.20,IMG-2597
SEN-1598,2026-08-22,23.46,6.66,27.30,47.40,Beans,108.70,16.40,IMG-2598
SEN-1599,2026-08-23,12.86,6.97,24.50,82.30,Maize,53.90,13.20,IMG-2599
SEN-1600,2026-08-24,21.83,5.08,34.60,70.40,Maize,67.80,6.30,IMG-2600
SEN-1601,2026-08-25,29.50,5.09,19.90,77.80,Lettuce,57.00,16.30,IMG-2601
SEN-1602,2026-08-26,22.39,4.63,25.20,45.00,Lettuce,38.30,11.40,IMG-2602
SEN-1603,2026-08-27,16.21,7.08,18.70,67.50,Tomatoes,129.30,13.80,IMG-2603
SEN-1604,2026-08-28,18.44,6.82,30.60,64.30,Beans,60.50,22.60,IMG-2604
SEN-1605,2026-08-29,42.25,6.16,33.60,80.00,Lettuce,86.80,18.00,IMG-2605
SEN-1606,2026-08-30,24.44,7.45,22.80,84.40,Tomatoes,35.20,8.10,IMG-2606
SEN-1607,2026-08-31,35.50,7.32,32.60,30.70,Tomatoes,113.90,29.00,IMG-2607
SEN-1608,2026-09-01,45.24,6.55,23.00,70.40,Lettuce,69.70,20.90,IMG-2608
SEN-1609,2026-09-02,58.33,7.54,33.50,33.10,Maize,119.40,24.10,IMG-2609
SEN-1610,2026-09-03,12.75,5.22,30.80,62.90,Beans,79.50,7.00,IMG-2610
SEN-1611,2026-09-04,65.96,4.89,31.70,47.30,Beans,53.50,6.20,IMG-2611
SEN-1612,2026-09-05,53.95,5.44,18.30,48.40,Maize,91.60,5.50,IMG-2612
SEN-1613,2026-09-06,15.72,4.70,34.40,51.20,Lettuce,45.70,9.70,IMG-2613
SEN-1614,2026-09-07,71.15,6.36,30.40,67.30,Beans,82.90,15.40,IMG-2614
SEN-1615,2026-09-08,74.46,7.78,23.20,50.00,Lettuce,68.10,28.40,IMG-2615
SEN-1616,2026-09-09,14.28,4.64,32.10,74.00,Lettuce,139.40,16.40,IMG-2616
SEN-1617,2026-09-10,29.38,4.93,22.80,54.30,Tomatoes,37.30,12.30,IMG-2617
SEN-1618,2026-09-11,66.43,6.08,32.80,34.10,Maize,113.30,19.00,IMG-2618
SEN-1619,2026-09-12,62.38,7.77,19.90,77.00,Lettuce,51.90,7.80,IMG-2619
SEN-1620,2026-09-13,22.92,5.61,30.00,47.10,Wheat,68.30,20.20,IMG-2620
SEN-1621,2026-09-14,24.65,6.28,27.20,56.00,Maize,79.90,19.20,IMG-2621
SEN-1622,2026-09-15,35.93,4.65,19.60,71.10,Beans,139.00,24.80,IMG-2622
SEN-1623,2026-09-16,43.92,5.02,22.10,49.90,Tomatoes,59.10,29.70,IMG-2623
SEN-1624,2026-09-17,53.28,7.95,18.20,33.40,Beans,41.00,11.30,IMG-2624
SEN-1625,2026-09-18,35.82,7.88,26.00,52.40,Beans,68.20,17.70,IMG-2625
SEN-1626,2026-09-19,42.38,4.52,23.10,86.70,Maize,42.60,27.70,IMG-2626
SEN-1627,2026-09-20,62.32,7.83,28.20,68.50,Beans,45.40,24.60,IMG-2627
SEN-1628,2026-09-21,12.57,6.74,23.10,70.30,Lettuce,98.90,17.20,IMG-2628
SEN-1629,2026-09-22,27.67,7.54,23.10,67.90,Beans,37.30,28.60,IMG-2629
SEN-1630,2026-09-23,59.93,6.09,30.60,41.90,Tomatoes,33.70,6.40,IMG-2630
SEN-1631,2026-09-24,72.66,6.30,18.80,55.10,Tomatoes,115.70,28.30,IMG-2631
SEN-1632,2026-09-25,45.82,6.21,33.30,75.10,Wheat,73.40,6.30,IMG-2632
SEN-1633,2026-09-26,47.25,6.83,32.50,36.10,Tomatoes,45.00,18.70,IMG-2633
SEN-1634,2026-09-27,17.50,4.99,29.40,46.70,Beans,60.40,27.30,IMG-2634
SEN-1635,2026-09-28,41.32,4.60,28.10,46.60,Tomatoes,107.10,11.60,IMG-2635
SEN-1636,2026-09-29,47.28,5.58,33.20,55.90,Maize,63.10,16.80,IMG-2636
SEN-1637,2026-09-30,26.97,6.97,21.20,88.80,Tomatoes,89.30,13.10,IMG-2637
SEN-1638,2026-10-01,28.85,5.21,19.30,34.10,Lettuce,44.60,28.80,IMG-2638
SEN-1639,2026-10-02,36.41,6.86,22.10,61.10,Maize,100.60,25.60,IMG-2639
SEN-1640,2026-10-03,11.40,7.89,31.50,40.80,Wheat,67.90,22.70,IMG-2640
SEN-1641,2026-10-04,32.55,4.83,18.60,88.20,Lettuce,105.20,19.70,IMG-2641
SEN-1642,2026-10-05,24.80,6.85,27.90,36.80,Beans,127.00,25.50,IMG-2642
SEN-1643,2026-10-06,32.92,6.05,34.90,54.20,Beans,103.40,14.80,IMG-2643
SEN-1644,2026-10-07,18.38,7.54,32.50,74.30,Beans,65.50,16.20,IMG-2644
SEN-1645,2026-10-08,72.34,5.12,26.90,72.30,Lettuce,60.70,23.30,IMG-2645
SEN-1646,2026-10-09,51.55,6.92,19.10,55.40,Lettuce,69.30,13.90,IMG-2646
SEN-1647,2026-10-10,57.54,7.43,32.10,50.80,Lettuce,49.80,6.60,IMG-2647
SEN-1648,2026-10-11,65.24,7.81,28.20,53.90,Maize,51.70,6.90,IMG-2648
SEN-1649,2026-10-12,44.89,6.89,20.00,45.90,Maize,124.90,7.90,IMG-2649
SEN-1650,2026-10-13,16.08,6.24,19.60,42.30,Beans,76.20,26.70,IMG-2650
SEN-1651,2026-10-14,47.60,6.66,33.50,59.00,Tomatoes,82.30,16.80,IMG-2651
SEN-1652,2026-10-15,51.08,7.54,29.40,46.10,Beans,101.30,22.80,IMG-2652
SEN-1653,2026-10-16,62.18,6.50,32.10,47.20,Wheat,100.80,14.80,IMG-2653
SEN-1654,2026-10-17,40.22,4.61,32.90,69.40,Maize,38.10,11.50,IMG-2654
SEN-1655,2026-10-18,18.93,7.76,27.70,88.10,Lettuce,129.80,13.70,IMG-2655
SEN-1656,2026-10-19,29.86,6.91,26.80,66.20,Maize,51.30,24.90,IMG-2656
SEN-1657,2026-10-20,35.42,6.87,25.30,34.60,Lettuce,116.80,20.60,IMG-2657
SEN-1658,2026-10-21,55.21,5.25,23.40,34.50,Wheat,122.70,28.40,IMG-2658
SEN-1659,2026-10-22,49.95,6.81,25.40,87.10,Wheat,115.80,22.00,IMG-2659
SEN-1660,2026-10-23,34.93,5.88,31.20,47.80,Maize,99.50,19.30,IMG-2660
SEN-1661,2026-10-24,79.06,6.78,28.20,35.50,Lettuce,31.80,20.30,IMG-2661
SEN-1662,2026-10-25,52.40,4.87,33.20,65.90,Wheat,73.20,28.60,IMG-2662
SEN-1663,2026-10-26,26.61,6.80,25.50,67.40,Beans,102.60,24.70,IMG-2663
SEN-1664,2026-10-27,17.12,8.00,28.30,68.90,Beans,76.50,5.60,IMG-2664
SEN-1665,2026-10-28,20.70,4.67,28.70,46.00,Lettuce,133.60,18.40,IMG-2665
SEN-1666,2026-10-29,27.22,7.92,28.10,30.90,Maize,67.10,22.20,IMG-2666
SEN-1667,2026-10-30,21.25,5.92,29.90,87.90,Wheat,65.20,23.70,IMG-2667
SEN-1668,2026-10-31,23.06,7.55,22.00,45.10,Maize,61.90,10.30,IMG-2668
SEN-1669,2026-11-01,29.96,7.24,26.70,70.60,Beans,69.90,26.70,IMG-2669
SEN-1670,2026-11-02,22.14,6.48,19.80,72.40,Wheat,96.90,28.90,IMG-2670
SEN-1671,2026-11-03,72.77,7.08,24.50,66.60,Maize,114.80,10.90,IMG-2671
SEN-1672,2026-11-04,15.62,7.57,26.30,48.80,Tomatoes,109.50,27.10,IMG-2672
SEN-1673,2026-11-05,46.72,5.91,29.10,46.30,Lettuce,126.90,7.40,IMG-2673
SEN-1674,2026-11-06,38.73,5.64,34.20,65.90,Lettuce,136.30,6.40,IMG-2674
SEN-1675,2026-11-07,78.77,6.84,28.20,82.00,Tomatoes,127.90,8.20,IMG-2675
SEN-1676,2026-11-08,17.84,7.33,30.60,86.80,Beans,32.30,6.40,IMG-2676
SEN-1677,2026-11-09,37.85,7.17,26.60,36.40,Wheat,118.30,26.10,IMG-2677
SEN-1678,2026-11-10,77.86,7.29,28.80,39.30,Lettuce,55.00,6.50,IMG-2678
SEN-1679,2026-11-11,70.59,6.02,19.20,86.70,Tomatoes,46.00,11.80,IMG-2679
SEN-1680,2026-11-12,67.20,7.36,22.30,74.20,Tomatoes,106.60,7.60,IMG-2680
SEN-1681,2026-11-13,28.05,4.92,24.20,83.00,Beans,68.40,12.40,IMG-2681
SEN-1682,2026-11-14,21.96,6.41,26.00,42.20,Beans,36.90,7.30,IMG-2682
SEN-1683,2026-11-15,45.19,6.29,26.60,59.40,Maize,86.30,17.40,IMG-2683
SEN-1684,2026-11-16,75.06,5.64,20.40,72.10,Lettuce,30.10,8.30,IMG-2684
SEN-1685,2026-11-17,48.97,5.78,22.70,70.80,Maize,138.40,26.30,IMG-2685
SEN-1686,2026-11-18,50.01,5.89,34.50,54.50,Tomatoes,33.00,25.40,IMG-2686
SEN-1687,2026-11-19,29.60,6.93,23.60,30.90,Wheat,55.10,5.30,IMG-2687
SEN-1688,2026-11-20,63.86,5.86,26.20,65.00,Wheat,80.00,27.40,IMG-2688
SEN-1689,2026-11-21,23.09,6.07,21.30,45.20,Beans,72.80,5.70,IMG-2689
SEN-1690,2026-11-22,32.66,5.33,28.40,57.00,Wheat,139.40,11.00,IMG-2690
SEN-1691,2026-11-23,39.78,5.81,22.80,87.50,Wheat,34.80,5.80,IMG-2691
SEN-1692,2026-11-24,45.53,5.30,21.50,53.90,Wheat,91.50,13.40,IMG-2692
SEN-1693,2026-11-25,26.97,4.76,26.80,80.40,Tomatoes,111.70,17.80,IMG-2693
SEN-1694,2026-11-26,18.04,6.61,18.10,41.30,Wheat,141.80,24.90,IMG-2694
SEN-1695,2026-11-27,52.74,6.84,18.10,70.30,Wheat,104.40,13.40,IMG-2695
SEN-1696,2026-11-28,30.20,6.67,21.70,88.60,Wheat,126.50,22.60,IMG-2696
SEN-1697,2026-11-29,50.69,6.12,18.60,36.10,Maize,40.00,9.70,IMG-2697
SEN-1698,2026-11-30,20.81,5.83,19.80,30.50,Tomatoes,76.30,23.80,IMG-2698
SEN-1699,2026-12-01,43.68,7.52,23.80,56.00,Beans,74.90,10.90,IMG-2699
SEN-1700,2026-12-02,47.28,6.32,31.60,35.60,Maize,136.40,8.60,IMG-2700
SEN-1701,2026-12-03,13.63,6.18,27.70,74.90,Lettuce,48.20,9.60,IMG-2701
SEN-1702,2026-12-04,33.56,4.59,26.70,84.90,Tomatoes,48.20,9.60,IMG-2702
SEN-1703,2026-12-05,19.41,5.69,23.00,56.00,Tomatoes,69.40,17.80,IMG-2703
SEN-1704,2026-12-06,14.44,5.83,33.80,45.50,Lettuce,36.50,26.10,IMG-2704
SEN-1705,2026-12-07,79.30,5.90,24.70,56.10,Lettuce,51.90,7.00,IMG-2705
SEN-1706,2026-12-08,32.56,6.53,19.50,73.40,Lettuce,145.80,22.70,IMG-2706
SEN-1707,2026-12-09,66.69,6.37,28.50,30.50,Beans,81.40,21.40,IMG-2707
SEN-1708,2026-12-10,27.82,6.63,19.90,65.40,Wheat,105.80,26.80,IMG-2708
SEN-1709,2026-12-11,57.71,7.18,23.90,66.80,Tomatoes,117.10,11.10,IMG-2709
SEN-1710,2026-12-12,63.22,7.35,26.60,68.30,Wheat,74.00,16.30,IMG-2710
SEN-1711,2026-12-13,51.69,7.01,32.90,44.50,Wheat,47.70,28.10,IMG-2711
SEN-1712,2026-12-14,43.01,7.84,26.40,72.80,Lettuce,54.80,21.50,IMG-2712
SEN-1713,2026-12-15,38.83,4.56,29.90,35.50,Beans,67.60,14.70,IMG-2713
SEN-1714,2026-12-16,34.42,5.19,34.90,42.00,Maize,106.30,8.30,IMG-2714
SEN-1715,2026-12-17,75.07,4.53,20.20,82.60,Beans,77.80,11.60,IMG-2715
SEN-1716,2026-12-18,68.14,6.77,22.70,74.30,Wheat,30.80,19.50,IMG-2716
SEN-1717,2026-12-19,77.55,7.64,24.70,30.80,Beans,92.80,23.00,IMG-2717
SEN-1718,2026-12-20,18.70,5.35,25.20,44.90,Lettuce,140.60,8.10,IMG-2718
SEN-1719,2026-12-21,61.16,7.74,25.00,42.90,Maize,127.40,20.00,IMG-2719
SEN-1720,2026-12-22,75.68,4.71,33.40,46.20,Lettuce,129.00,18.80,IMG-2720
SEN-1721,2026-12-23,22.69,7.77,30.10,44.90,Maize,125.40,17.80,IMG-2721
SEN-1722,2026-12-24,14.65,5.73,28.30,33.80,Wheat,68.80,22.30,IMG-2722
SEN-1723,2026-12-25,61.88,4.85,23.30,57.50,Maize,121.80,25.90,IMG-2723
SEN-1724,2026-12-26,50.21,6.20,32.00,74.00,Maize,47.20,13.10,IMG-2724
SEN-1725,2026-12-27,68.93,5.40,34.20,66.40,Maize,108.90,27.20,IMG-2725
SEN-1726,2026-12-28,19.78,5.50,32.00,70.40,Beans,107.00,9.00,IMG-2726
SEN-1727,2026-12-29,65.67,5.58,18.00,34.90,Beans,33.10,9.30,IMG-2727
SEN-1728,2026-12-30,24.11,7.31,28.80,87.10,Wheat,124.60,11.70,IMG-2728
SEN-1729,2026-12-31,21.46,6.39,18.90,80.30,Maize,138.40,8.00,IMG-2729
SEN-1730,2027-01-01,21.50,5.59,22.40,78.30,Tomatoes,62.10,10.80,IMG-2730
SEN-1731,2027-01-02,67.02,6.64,19.00,79.40,Wheat,127.50,7.70,IMG-2731
SEN-1732,2027-01-03,56.56,7.01,28.30,86.00,Maize,39.90,25.50,IMG-2732
SEN-1733,2027-01-04,46.61,5.45,29.70,62.70,Maize,102.00,8.50,IMG-2733
SEN-1734,2027-01-05,35.12,5.95,19.90,42.00,Beans,88.30,23.70,IMG-2734
SEN-1735,2027-01-06,71.40,4.93,24.50,67.00,Wheat,95.50,6.20,IMG-2735
SEN-1736,2027-01-07,37.47,5.13,25.80,74.60,Maize,141.10,28.70,IMG-2736
SEN-1737,2027-01-08,67.16,6.88,24.30,74.30,Maize,134.60,22.80,IMG-2737
SEN-1738,2027-01-09,40.74,5.14,20.10,61.30,Wheat,124.20,5.20,IMG-2738
SEN-1739,2027-01-10,36.39,6.34,25.10,34.10,Tomatoes,62.80,24.10,IMG-2739
SEN-1740,2027-01-11,42.39,6.98,30.80,52.30,Wheat,139.40,17.90,IMG-2740
SEN-1741,2027-01-12,31.10,4.87,19.20,85.20,Wheat,41.70,24.50,IMG-2741
SEN-1742,2027-01-13,62.33,6.49,19.40,65.10,Tomatoes,132.40,18.10,IMG-2742
SEN-1743,2027-01-14,45.19,5.40,24.00,62.30,Wheat,69.40,21.00,IMG-2743
SEN-1744,2027-01-15,26.25,7.87,34.00,46.10,Maize,36.50,24.70,IMG-2744
SEN-1745,2027-01-16,72.97,6.19,29.40,52.10,Wheat,110.30,15.10,IMG-2745
SEN-1746,2027-01-17,36.87,7.32,29.50,83.70,Tomatoes,57.80,5.10,IMG-2746
SEN-1747,2027-01-18,48.05,6.43,24.20,70.00,Lettuce,59.20,26.20,IMG-2747
SEN-1748,2027-01-19,73.45,4.65,28.10,77.20,Wheat,66.70,14.50,IMG-2748
SEN-1749,2027-01-20,53.70,6.72,18.20,57.30,Beans,37.60,17.40,IMG-2749
SEN-1750,2027-01-21,18.18,7.83,28.80,67.80,Maize,51.30,5.20,IMG-2750
SEN-1751,2027-01-22,75.79,6.61,33.50,44.90,Maize,30.60,17.30,IMG-2751
SEN-1752,2027-01-23,53.94,7.37,28.40,72.30,Beans,83.40,29.70,IMG-2752
SEN-1753,2027-01-24,33.44,7.59,32.90,55.70,Beans,40.10,12.00,IMG-2753
SEN-1754,2027-01-25,19.75,5.30,30.30,56.60,Wheat,111.90,14.90,IMG-2754
SEN-1755,2027-01-26,65.58,5.24,20.00,69.00,Beans,58.30,22.20,IMG-2755
SEN-1756,2027-01-27,53.41,6.64,33.30,86.20,Lettuce,143.20,25.40,IMG-2756
SEN-1757,2027-01-28,47.34,5.94,19.10,33.80,Tomatoes,134.60,15.40,IMG-2757
SEN-1758,2027-01-29,72.57,7.44,27.10,79.50,Beans,64.70,12.70,IMG-2758
SEN-1759,2027-01-30,65.20,7.65,20.40,47.50,Beans,124.00,28.40,IMG-2759
SEN-1760,2027-01-31,20.62,5.74,18.20,56.60,Lettuce,126.40,21.90,IMG-2760
SEN-1761,2027-02-01,31.82,5.33,25.20,31.30,Maize,148.40,8.00,IMG-2761
SEN-1762,2027-02-02,27.39,7.23,23.00,48.10,Maize,101.70,6.70,IMG-2762
SEN-1763,2027-02-03,62.08,5.46,26.30,60.20,Wheat,39.80,17.10,IMG-2763
SEN-1764,2027-02-04,12.35,7.38,27.80,33.40,Lettuce,107.60,10.50,IMG-2764
SEN-1765,2027-02-05,49.89,5.98,18.70,59.50,Tomatoes,105.00,11.30,IMG-2765
SEN-1766,2027-02-06,63.37,6.84,20.10,85.60,Tomatoes,106.60,26.90,IMG-2766
SEN-1767,2027-02-07,71.37,4.83,27.50,36.30,Lettuce,66.90,7.20,IMG-2767
SEN-1768,2027-02-08,33.95,6.68,23.80,75.90,Tomatoes,133.20,22.90,IMG-2768
SEN-1769,2027-02-09,67.49,6.08,30.40,54.60,Maize,145.10,11.80,IMG-2769
SEN-1770,2027-02-10,17.74,6.55,29.10,69.30,Tomatoes,56.10,24.00,IMG-2770
SEN-1771,2027-02-11,69.25,5.09,32.40,45.60,Tomatoes,40.60,23.10,IMG-2771
SEN-1772,2027-02-12,18.92,7.08,29.80,39.60,Lettuce,53.30,5.20,IMG-2772
SEN-1773,2027-02-13,37.81,7.52,25.30,39.60,Lettuce,128.50,17.70,IMG-2773
SEN-1774,2027-02-14,65.81,5.26,29.40,34.20,Tomatoes,111.20,8.50,IMG-2774
SEN-1775,2027-02-15,20.49,4.84,22.70,41.10,Beans,106.30,26.70,IMG-2775
SEN-1776,2027-02-16,26.05,4.58,23.20,69.90,Lettuce,78.20,26.80,IMG-2776
SEN-1777,2027-02-17,60.56,6.75,31.40,82.90,Wheat,99.30,15.50,IMG-2777
SEN-1778,2027-02-18,60.40,6.62,25.60,78.80,Wheat,66.90,16.10,IMG-2778
SEN-1779,2027-02-19,54.88,6.41,31.60,71.10,Maize,87.30,12.60,IMG-2779
SEN-1780,2027-02-20,58.58,5.31,32.00,36.60,Tomatoes,125.20,22.90,IMG-2780
SEN-1781,2027-02-21,47.99,5.87,32.60,47.40,Beans,147.70,14.00,IMG-2781
SEN-1782,2027-02-22,27.63,6.58,33.60,48.60,Maize,141.90,11.70,IMG-2782
SEN-1783,2027-02-23,34.20,6.24,25.30,45.00,Tomatoes,142.10,15.80,IMG-2783
SEN-1784,2027-02-24,22.71,7.96,23.40,60.90,Lettuce,78.30,7.30,IMG-2784
SEN-1785,2027-02-25,73.59,4.98,27.90,62.10,Wheat,86.30,23.70,IMG-2785
SEN-1786,2027-02-26,50.84,6.93,24.30,51.40,Beans,114.70,5.30,IMG-2786
SEN-1787,2027-02-27,38.06,5.92,28.20,51.20,Wheat,140.70,21.10,IMG-2787
SEN-1788,2027-02-28,42.34,6.00,30.00,79.70,Lettuce,47.00,9.60,IMG-2788
SEN-1789,2027-03-01,76.31,7.01,29.70,77.40,Tomatoes,66.50,10.80,IMG-2789
SEN-1790,2027-03-02,20.73,6.92,24.40,48.50,Lettuce,46.70,20.90,IMG-2790
SEN-1791,2027-03-03,51.04,7.97,20.80,84.80,Lettuce,103.40,29.80,IMG-2791
SEN-1792,2027-03-04,45.41,4.95,25.30,87.20,Wheat,66.80,24.40,IMG-2792
SEN-1793,2027-03-05,52.80,4.86,20.40,49.60,Beans,69.10,10.60,IMG-2793
SEN-1794,2027-03-06,11.27,7.04,33.10,51.30,Lettuce,38.50,9.40,IMG-2794
SEN-1795,2027-03-07,71.05,6.52,23.90,60.30,Wheat,72.00,26.70,IMG-2795
SEN-1796,2027-03-08,75.25,5.46,20.60,86.50,Beans,133.50,16.10,IMG-2796
SEN-1797,2027-03-09,49.56,4.78,18.40,82.60,Tomatoes,58.00,8.40,IMG-2797
SEN-1798,2027-03-10,58.77,4.80,29.00,36.20,Tomatoes,113.40,26.60,IMG-2798
SEN-1799,2027-03-11,74.57,7.63,28.80,53.60,Maize,105.60,25.40,IMG-2799
